"time","metric","scenario","group","load_zone","tags","count","min","mean","max","last"
"2024-04-25T23:51:03+00:00","vus","","","","{}",3,1.0,1.0,1.0,1.0
"2024-04-25T23:51:06+00:00","vus","","","","{}",3,1.0,1.0,1.0,1.0
"2024-04-25T23:51:09+00:00","vus","","","","{}",3,1.0,1.0,1.0,1.0
"2024-04-25T23:51:12+00:00","vus","","","","{}",3,1.0,1.0,1.0,1.0
"2024-04-25T23:51:15+00:00","vus","","","","{}",3,1.0,1.0,1.0,1.0
"2024-04-25T23:51:18+00:00","vus","","","","{}",3,1.0,1.0,1.0,1.0
"2024-04-25T23:51:21+00:00","vus","","","","{}",3,1.0,1.0,1.0,1.0
"2024-04-25T23:51:24+00:00","vus","","","","{}",3,1.0,1.0,1.0,1.0
"2024-04-25T23:51:27+00:00","vus","","","","{}",3,1.0,1.0,1.0,1.0
"2024-04-25T23:51:30+00:00","vus","","","","{}",3,1.0,1.0,1.0,1.0
"2024-04-25T23:51:33+00:00","vus","","","","{}",3,2.0,2.0,2.0,2.0
"2024-04-25T23:51:36+00:00","vus","","","","{}",3,2.0,2.0,2.0,2.0
"2024-04-25T23:51:39+00:00","vus","","","","{}",3,2.0,2.0,2.0,2.0
"2024-04-25T23:51:42+00:00","vus","","","","{}",3,2.0,2.0,2.0,2.0
"2024-04-25T23:51:45+00:00","vus","","","","{}",3,2.0,2.0,2.0,2.0
"2024-04-25T23:51:48+00:00","vus","","","","{}",3,2.0,2.0,2.0,2.0
"2024-04-25T23:51:51+00:00","vus","","","","{}",3,2.0,2.0,2.0,2.0
"2024-04-25T23:51:54+00:00","vus","","","","{}",3,2.0,2.0,2.0,2.0
"2024-04-25T23:51:57+00:00","vus","","","","{}",3,2.0,2.0,2.0,2.0
"2024-04-25T23:52:00+00:00","vus","","","","{}",3,2.0,2.0,2.0,2.0
"2024-04-25T23:52:03+00:00","vus","","","","{}",3,3.0,3.0,3.0,3.0
"2024-04-25T23:52:06+00:00","vus","","","","{}",3,3.0,3.0,3.0,3.0
"2024-04-25T23:52:09+00:00","vus","","","","{}",3,3.0,3.0,3.0,3.0
"2024-04-25T23:52:12+00:00","vus","","","","{}",3,3.0,3.0,3.0,3.0
"2024-04-25T23:52:15+00:00","vus","","","","{}",3,3.0,3.0,3.0,3.0
"2024-04-25T23:52:18+00:00","vus","","","","{}",3,3.0,3.0,3.0,3.0
"2024-04-25T23:52:21+00:00","vus","","","","{}",3,3.0,3.0,3.0,3.0
"2024-04-25T23:52:24+00:00","vus","","","","{}",3,3.0,3.0,3.0,3.0
"2024-04-25T23:52:27+00:00","vus","","","","{}",3,3.0,3.0,3.0,3.0
"2024-04-25T23:52:30+00:00","vus","","","","{}",3,3.0,3.0,3.0,3.0
"2024-04-25T23:52:33+00:00","vus","","","","{}",3,4.0,4.0,4.0,4.0
"2024-04-25T23:52:36+00:00","vus","","","","{}",3,4.0,4.0,4.0,4.0
"2024-04-25T23:52:39+00:00","vus","","","","{}",3,4.0,4.0,4.0,4.0
"2024-04-25T23:52:42+00:00","vus","","","","{}",3,4.0,4.0,4.0,4.0
"2024-04-25T23:52:45+00:00","vus","","","","{}",3,4.0,4.0,4.0,4.0
"2024-04-25T23:52:48+00:00","vus","","","","{}",3,4.0,4.0,4.0,4.0
"2024-04-25T23:52:51+00:00","vus","","","","{}",3,4.0,4.0,4.0,4.0
"2024-04-25T23:52:54+00:00","vus","","","","{}",3,4.0,4.0,4.0,4.0
"2024-04-25T23:52:57+00:00","vus","","","","{}",3,4.0,4.0,4.0,4.0
"2024-04-25T23:53:00+00:00","vus","","","","{}",3,4.0,4.0,4.0,4.0
"2024-04-25T23:53:03+00:00","vus","","","","{}",3,5.0,5.0,5.0,5.0
"2024-04-25T23:53:06+00:00","vus","","","","{}",3,6.0,5.33333333333333,5.0,6.0
"2024-04-25T23:53:09+00:00","vus","","","","{}",3,6.0,6.0,6.0,6.0
"2024-04-25T23:53:12+00:00","vus","","","","{}",3,7.0,6.66666666666667,6.0,7.0
"2024-04-25T23:53:15+00:00","vus","","","","{}",3,7.0,7.0,7.0,7.0
"2024-04-25T23:53:18+00:00","vus","","","","{}",3,8.0,7.66666666666667,7.0,8.0
"2024-04-25T23:53:21+00:00","vus","","","","{}",3,8.0,8.0,8.0,8.0
"2024-04-25T23:53:24+00:00","vus","","","","{}",3,9.0,9.0,9.0,9.0
"2024-04-25T23:53:27+00:00","vus","","","","{}",3,10.0,9.33333333333333,9.0,10.0
"2024-04-25T23:53:30+00:00","vus","","","","{}",3,10.0,10.0,10.0,10.0
"2024-04-25T23:53:33+00:00","vus","","","","{}",3,11.0,10.3333333333333,10.0,11.0
"2024-04-25T23:53:36+00:00","vus","","","","{}",3,11.0,11.0,11.0,11.0
"2024-04-25T23:53:39+00:00","vus","","","","{}",3,12.0,11.6666666666667,11.0,12.0
"2024-04-25T23:53:42+00:00","vus","","","","{}",3,12.0,12.0,12.0,12.0
"2024-04-25T23:53:45+00:00","vus","","","","{}",3,13.0,13.0,13.0,13.0
"2024-04-25T23:53:48+00:00","vus","","","","{}",3,13.0,13.0,13.0,13.0
"2024-04-25T23:53:51+00:00","vus","","","","{}",3,14.0,14.0,14.0,14.0
"2024-04-25T23:53:54+00:00","vus","","","","{}",3,15.0,14.3333333333333,14.0,15.0
"2024-04-25T23:53:57+00:00","vus","","","","{}",3,15.0,15.0,15.0,15.0
"2024-04-25T23:54:00+00:00","vus","","","","{}",3,16.0,15.6666666666667,15.0,16.0
"2024-04-25T23:54:03+00:00","vus","","","","{}",3,16.0,16.0,16.0,16.0
"2024-04-25T23:54:06+00:00","vus","","","","{}",3,17.0,16.6666666666667,16.0,17.0
"2024-04-25T23:54:09+00:00","vus","","","","{}",3,17.0,17.0,17.0,17.0
"2024-04-25T23:54:12+00:00","vus","","","","{}",3,18.0,18.0,18.0,18.0
"2024-04-25T23:54:15+00:00","vus","","","","{}",3,19.0,18.3333333333333,18.0,19.0
"2024-04-25T23:54:18+00:00","vus","","","","{}",3,19.0,19.0,19.0,19.0
"2024-04-25T23:54:21+00:00","vus","","","","{}",3,20.0,19.3333333333333,19.0,20.0
"2024-04-25T23:54:24+00:00","vus","","","","{}",3,20.0,20.0,20.0,20.0
"2024-04-25T23:54:27+00:00","vus","","","","{}",3,21.0,20.6666666666667,20.0,21.0
"2024-04-25T23:54:30+00:00","vus","","","","{}",3,21.0,21.0,21.0,21.0
"2024-04-25T23:54:33+00:00","vus","","","","{}",3,22.0,22.0,22.0,22.0
"2024-04-25T23:54:36+00:00","vus","","","","{}",3,22.0,22.0,22.0,22.0
"2024-04-25T23:54:39+00:00","vus","","","","{}",3,23.0,23.0,23.0,23.0
"2024-04-25T23:54:42+00:00","vus","","","","{}",3,24.0,23.3333333333333,23.0,24.0
"2024-04-25T23:54:45+00:00","vus","","","","{}",3,24.0,24.0,24.0,24.0
"2024-04-25T23:54:48+00:00","vus","","","","{}",3,25.0,24.6666666666667,24.0,25.0
"2024-04-25T23:54:51+00:00","vus","","","","{}",3,25.0,25.0,25.0,25.0
"2024-04-25T23:54:54+00:00","vus","","","","{}",3,26.0,25.6666666666667,25.0,26.0
"2024-04-25T23:54:57+00:00","vus","","","","{}",3,26.0,26.0,26.0,26.0
"2024-04-25T23:55:00+00:00","vus","","","","{}",3,27.0,27.0,27.0,27.0
"2024-04-25T23:55:03+00:00","vus","","","","{}",3,28.0,27.3333333333333,27.0,28.0
"2024-04-25T23:55:06+00:00","vus","","","","{}",3,28.0,28.0,28.0,28.0
"2024-04-25T23:55:09+00:00","vus","","","","{}",3,29.0,28.3333333333333,28.0,29.0
"2024-04-25T23:55:12+00:00","vus","","","","{}",3,29.0,29.0,29.0,29.0
"2024-04-25T23:55:15+00:00","vus","","","","{}",3,30.0,29.6666666666667,29.0,30.0
"2024-04-25T23:55:18+00:00","vus","","","","{}",3,30.0,30.0,30.0,30.0
"2024-04-25T23:55:21+00:00","vus","","","","{}",3,31.0,31.0,31.0,31.0
"2024-04-25T23:55:24+00:00","vus","","","","{}",3,31.0,31.0,31.0,31.0
"2024-04-25T23:55:27+00:00","vus","","","","{}",3,32.0,32.0,32.0,32.0
"2024-04-25T23:55:30+00:00","vus","","","","{}",3,33.0,32.3333333333333,32.0,33.0
"2024-04-25T23:55:33+00:00","vus","","","","{}",3,33.0,33.0,33.0,33.0
"2024-04-25T23:55:36+00:00","vus","","","","{}",3,34.0,33.6666666666667,33.0,34.0
"2024-04-25T23:55:39+00:00","vus","","","","{}",3,34.0,34.0,34.0,34.0
"2024-04-25T23:55:42+00:00","vus","","","","{}",3,35.0,34.6666666666667,34.0,35.0
"2024-04-25T23:55:45+00:00","vus","","","","{}",3,35.0,35.0,35.0,35.0
"2024-04-25T23:55:48+00:00","vus","","","","{}",3,36.0,36.0,36.0,36.0
"2024-04-25T23:55:51+00:00","vus","","","","{}",3,37.0,36.3333333333333,36.0,37.0
"2024-04-25T23:55:54+00:00","vus","","","","{}",3,37.0,37.0,37.0,37.0
"2024-04-25T23:55:57+00:00","vus","","","","{}",3,38.0,37.3333333333333,37.0,38.0
"2024-04-25T23:56:00+00:00","vus","","","","{}",3,38.0,38.0,38.0,38.0
"2024-04-25T23:56:03+00:00","vus","","","","{}",3,39.0,38.6666666666667,38.0,39.0
"2024-04-25T23:56:06+00:00","vus","","","","{}",3,39.0,39.0,39.0,39.0
"2024-04-25T23:56:09+00:00","vus","","","","{}",3,40.0,40.0,40.0,40.0
"2024-04-25T23:56:12+00:00","vus","","","","{}",3,40.0,40.0,40.0,40.0
"2024-04-25T23:56:15+00:00","vus","","","","{}",3,41.0,41.0,41.0,41.0
"2024-04-25T23:56:18+00:00","vus","","","","{}",3,42.0,41.3333333333333,41.0,42.0
"2024-04-25T23:56:21+00:00","vus","","","","{}",3,42.0,42.0,42.0,42.0
"2024-04-25T23:56:24+00:00","vus","","","","{}",3,43.0,42.6666666666667,42.0,43.0
"2024-04-25T23:56:27+00:00","vus","","","","{}",3,43.0,43.0,43.0,43.0
"2024-04-25T23:56:30+00:00","vus","","","","{}",3,44.0,43.6666666666667,43.0,44.0
"2024-04-25T23:56:33+00:00","vus","","","","{}",3,44.0,44.0,44.0,44.0
"2024-04-25T23:56:36+00:00","vus","","","","{}",3,45.0,45.0,45.0,45.0
"2024-04-25T23:56:39+00:00","vus","","","","{}",3,46.0,45.3333333333333,45.0,46.0
"2024-04-25T23:56:42+00:00","vus","","","","{}",3,46.0,46.0,46.0,46.0
"2024-04-25T23:56:45+00:00","vus","","","","{}",3,47.0,46.3333333333333,46.0,47.0
"2024-04-25T23:56:48+00:00","vus","","","","{}",3,47.0,47.0,47.0,47.0
"2024-04-25T23:56:51+00:00","vus","","","","{}",3,48.0,47.6666666666667,47.0,48.0
"2024-04-25T23:56:54+00:00","vus","","","","{}",3,48.0,48.0,48.0,48.0
"2024-04-25T23:56:57+00:00","vus","","","","{}",3,49.0,49.0,49.0,49.0
"2024-04-25T23:57:00+00:00","vus","","","","{}",3,49.0,49.0,49.0,49.0
"2024-04-25T23:57:03+00:00","vus","","","","{}",3,50.0,50.0,50.0,50.0
"2024-04-25T23:57:06+00:00","vus","","","","{}",3,51.0,50.6666666666667,50.0,51.0
"2024-04-25T23:57:09+00:00","vus","","","","{}",3,51.0,51.0,51.0,51.0
"2024-04-25T23:57:12+00:00","vus","","","","{}",3,52.0,52.0,52.0,52.0
"2024-04-25T23:57:15+00:00","vus","","","","{}",3,53.0,52.3333333333333,52.0,53.0
"2024-04-25T23:57:18+00:00","vus","","","","{}",3,53.0,53.0,53.0,53.0
"2024-04-25T23:57:21+00:00","vus","","","","{}",3,54.0,53.6666666666667,53.0,54.0
"2024-04-25T23:57:24+00:00","vus","","","","{}",3,54.0,54.0,54.0,54.0
"2024-04-25T23:57:27+00:00","vus","","","","{}",3,55.0,55.0,55.0,55.0
"2024-04-25T23:57:30+00:00","vus","","","","{}",3,56.0,55.6666666666667,55.0,56.0
"2024-04-25T23:57:33+00:00","vus","","","","{}",3,56.0,56.0,56.0,56.0
"2024-04-25T23:57:36+00:00","vus","","","","{}",3,57.0,57.0,57.0,57.0
"2024-04-25T23:57:39+00:00","vus","","","","{}",3,58.0,57.3333333333333,57.0,58.0
"2024-04-25T23:57:42+00:00","vus","","","","{}",3,58.0,58.0,58.0,58.0
"2024-04-25T23:57:45+00:00","vus","","","","{}",3,59.0,58.6666666666667,58.0,59.0
"2024-04-25T23:57:48+00:00","vus","","","","{}",3,59.0,59.0,59.0,59.0
"2024-04-25T23:57:51+00:00","vus","","","","{}",3,60.0,60.0,60.0,60.0
"2024-04-25T23:57:54+00:00","vus","","","","{}",3,61.0,60.6666666666667,60.0,61.0
"2024-04-25T23:57:57+00:00","vus","","","","{}",3,61.0,61.0,61.0,61.0
"2024-04-25T23:58:00+00:00","vus","","","","{}",3,62.0,62.0,62.0,62.0
"2024-04-25T23:58:03+00:00","vus","","","","{}",3,63.0,62.3333333333333,62.0,63.0
"2024-04-25T23:58:06+00:00","vus","","","","{}",3,63.0,63.0,63.0,63.0
"2024-04-25T23:58:09+00:00","vus","","","","{}",3,64.0,63.6666666666667,63.0,64.0
"2024-04-25T23:58:12+00:00","vus","","","","{}",3,64.0,64.0,64.0,64.0
"2024-04-25T23:58:15+00:00","vus","","","","{}",3,65.0,65.0,65.0,65.0
"2024-04-25T23:58:18+00:00","vus","","","","{}",3,66.0,65.6666666666667,65.0,66.0
"2024-04-25T23:58:21+00:00","vus","","","","{}",3,66.0,66.0,66.0,66.0
"2024-04-25T23:58:24+00:00","vus","","","","{}",3,67.0,67.0,67.0,67.0
"2024-04-25T23:58:27+00:00","vus","","","","{}",3,68.0,67.3333333333333,67.0,68.0
"2024-04-25T23:58:30+00:00","vus","","","","{}",3,68.0,68.0,68.0,68.0
"2024-04-25T23:58:33+00:00","vus","","","","{}",3,69.0,68.6666666666667,68.0,69.0
"2024-04-25T23:58:36+00:00","vus","","","","{}",3,69.0,69.0,69.0,69.0
"2024-04-25T23:58:39+00:00","vus","","","","{}",3,70.0,70.0,70.0,70.0
"2024-04-25T23:58:42+00:00","vus","","","","{}",3,71.0,70.6666666666667,70.0,71.0
"2024-04-25T23:58:45+00:00","vus","","","","{}",3,71.0,71.0,71.0,71.0
"2024-04-25T23:58:48+00:00","vus","","","","{}",3,72.0,72.0,72.0,72.0
"2024-04-25T23:58:51+00:00","vus","","","","{}",3,73.0,72.3333333333333,72.0,73.0
"2024-04-25T23:58:54+00:00","vus","","","","{}",3,73.0,73.0,73.0,73.0
"2024-04-25T23:58:57+00:00","vus","","","","{}",3,74.0,73.6666666666667,73.0,74.0
"2024-04-25T23:59:00+00:00","vus","","","","{}",3,74.0,74.0,74.0,74.0
"2024-04-25T23:59:03+00:00","vus","","","","{}",3,75.0,75.0,75.0,75.0
"2024-04-25T23:59:06+00:00","vus","","","","{}",3,76.0,75.6666666666667,75.0,76.0
"2024-04-25T23:59:09+00:00","vus","","","","{}",3,76.0,76.0,76.0,76.0
"2024-04-25T23:59:12+00:00","vus","","","","{}",3,77.0,77.0,77.0,77.0
"2024-04-25T23:59:15+00:00","vus","","","","{}",3,78.0,77.3333333333333,77.0,78.0
"2024-04-25T23:59:18+00:00","vus","","","","{}",3,78.0,78.0,78.0,78.0
"2024-04-25T23:59:21+00:00","vus","","","","{}",3,79.0,78.6666666666667,78.0,79.0
"2024-04-25T23:59:24+00:00","vus","","","","{}",3,79.0,79.0,79.0,79.0
"2024-04-25T23:59:27+00:00","vus","","","","{}",3,80.0,80.0,80.0,80.0
"2024-04-25T23:59:30+00:00","vus","","","","{}",3,81.0,80.6666666666667,80.0,81.0
"2024-04-25T23:59:33+00:00","vus","","","","{}",3,81.0,81.0,81.0,81.0
"2024-04-25T23:59:36+00:00","vus","","","","{}",3,82.0,82.0,82.0,82.0
"2024-04-25T23:59:39+00:00","vus","","","","{}",3,83.0,82.3333333333333,82.0,83.0
"2024-04-25T23:59:42+00:00","vus","","","","{}",3,83.0,83.0,83.0,83.0
"2024-04-25T23:59:45+00:00","vus","","","","{}",3,84.0,83.6666666666667,83.0,84.0
"2024-04-25T23:59:48+00:00","vus","","","","{}",3,84.0,84.0,84.0,84.0
"2024-04-25T23:59:51+00:00","vus","","","","{}",3,85.0,85.0,85.0,85.0
"2024-04-25T23:59:54+00:00","vus","","","","{}",3,86.0,85.6666666666667,85.0,86.0
"2024-04-25T23:59:57+00:00","vus","","","","{}",3,86.0,86.0,86.0,86.0
"2024-04-26T00:00:00+00:00","vus","","","","{}",3,87.0,87.0,87.0,87.0
"2024-04-26T00:00:03+00:00","vus","","","","{}",3,88.0,87.3333333333333,87.0,88.0
"2024-04-26T00:00:06+00:00","vus","","","","{}",3,88.0,88.0,88.0,88.0
"2024-04-26T00:00:09+00:00","vus","","","","{}",3,89.0,88.6666666666667,88.0,89.0
"2024-04-26T00:00:12+00:00","vus","","","","{}",3,89.0,89.0,89.0,89.0
"2024-04-26T00:00:15+00:00","vus","","","","{}",3,90.0,90.0,90.0,90.0
"2024-04-26T00:00:18+00:00","vus","","","","{}",3,91.0,90.6666666666667,90.0,91.0
"2024-04-26T00:00:21+00:00","vus","","","","{}",3,91.0,91.0,91.0,91.0
"2024-04-26T00:00:24+00:00","vus","","","","{}",3,92.0,92.0,92.0,92.0
"2024-04-26T00:00:27+00:00","vus","","","","{}",3,93.0,92.3333333333333,92.0,93.0
"2024-04-26T00:00:30+00:00","vus","","","","{}",3,93.0,93.0,93.0,93.0
"2024-04-26T00:00:33+00:00","vus","","","","{}",3,94.0,93.6666666666667,93.0,94.0
"2024-04-26T00:00:36+00:00","vus","","","","{}",3,94.0,94.0,94.0,94.0
"2024-04-26T00:00:39+00:00","vus","","","","{}",3,95.0,95.0,95.0,95.0
"2024-04-26T00:00:42+00:00","vus","","","","{}",3,96.0,95.6666666666667,95.0,96.0
"2024-04-26T00:00:45+00:00","vus","","","","{}",3,96.0,96.0,96.0,96.0
"2024-04-26T00:00:48+00:00","vus","","","","{}",3,97.0,97.0,97.0,97.0
"2024-04-26T00:00:51+00:00","vus","","","","{}",3,98.0,97.3333333333333,97.0,98.0
"2024-04-26T00:00:54+00:00","vus","","","","{}",3,98.0,98.0,98.0,98.0
"2024-04-26T00:00:57+00:00","vus","","","","{}",3,99.0,98.6666666666667,98.0,99.0
"2024-04-26T00:01:00+00:00","vus","","","","{}",3,99.0,99.0,99.0,99.0
"2024-04-26T00:01:03+00:00","vus","","","","{}",3,100.0,100.0,100.0,100.0
"2024-04-26T00:01:06+00:00","vus","","","","{}",3,100.0,100.0,100.0,100.0
"2024-04-26T00:01:09+00:00","vus","","","","{}",3,100.0,100.0,100.0,100.0
"2024-04-26T00:01:12+00:00","vus","","","","{}",3,100.0,100.0,100.0,100.0
"2024-04-26T00:01:15+00:00","vus","","","","{}",3,100.0,100.0,100.0,100.0
"2024-04-26T00:01:18+00:00","vus","","","","{}",3,100.0,100.0,100.0,100.0
"2024-04-26T00:01:21+00:00","vus","","","","{}",3,100.0,100.0,100.0,100.0
"2024-04-26T00:01:24+00:00","vus","","","","{}",3,100.0,100.0,100.0,100.0
"2024-04-26T00:01:27+00:00","vus","","","","{}",3,100.0,100.0,100.0,100.0
"2024-04-26T00:01:30+00:00","vus","","","","{}",3,100.0,100.0,100.0,100.0
"2024-04-26T00:01:33+00:00","vus","","","","{}",3,100.0,100.0,100.0,100.0
"2024-04-26T00:01:36+00:00","vus","","","","{}",3,100.0,100.0,100.0,100.0
"2024-04-26T00:01:39+00:00","vus","","","","{}",3,100.0,100.0,100.0,100.0
"2024-04-26T00:01:42+00:00","vus","","","","{}",3,100.0,100.0,100.0,100.0
"2024-04-26T00:01:45+00:00","vus","","","","{}",3,100.0,100.0,100.0,100.0
"2024-04-26T00:01:48+00:00","vus","","","","{}",3,100.0,100.0,100.0,100.0
"2024-04-26T00:01:51+00:00","vus","","","","{}",3,100.0,100.0,100.0,100.0
"2024-04-26T00:01:54+00:00","vus","","","","{}",3,100.0,100.0,100.0,100.0
"2024-04-26T00:01:57+00:00","vus","","","","{}",3,100.0,100.0,100.0,100.0
"2024-04-26T00:02:00+00:00","vus","","","","{}",3,100.0,100.0,100.0,100.0
"2024-04-26T00:02:03+00:00","vus","","","","{}",3,100.0,100.0,100.0,100.0
"2024-04-26T00:02:06+00:00","vus","","","","{}",3,100.0,100.0,100.0,100.0
"2024-04-26T00:02:09+00:00","vus","","","","{}",3,100.0,100.0,100.0,100.0
"2024-04-26T00:02:12+00:00","vus","","","","{}",3,100.0,100.0,100.0,100.0
"2024-04-26T00:02:15+00:00","vus","","","","{}",3,100.0,100.0,100.0,100.0
"2024-04-26T00:02:18+00:00","vus","","","","{}",3,100.0,100.0,100.0,100.0
"2024-04-26T00:02:21+00:00","vus","","","","{}",3,100.0,100.0,100.0,100.0
"2024-04-26T00:02:24+00:00","vus","","","","{}",3,100.0,100.0,100.0,100.0
"2024-04-26T00:02:27+00:00","vus","","","","{}",3,100.0,100.0,100.0,100.0
"2024-04-26T00:02:30+00:00","vus","","","","{}",3,100.0,100.0,100.0,100.0
"2024-04-26T00:02:33+00:00","vus","","","","{}",3,100.0,100.0,100.0,100.0
"2024-04-26T00:02:36+00:00","vus","","","","{}",3,100.0,100.0,100.0,100.0
"2024-04-26T00:02:39+00:00","vus","","","","{}",3,100.0,100.0,100.0,100.0
"2024-04-26T00:02:42+00:00","vus","","","","{}",3,100.0,100.0,100.0,100.0
"2024-04-26T00:02:45+00:00","vus","","","","{}",3,100.0,100.0,100.0,100.0
"2024-04-26T00:02:48+00:00","vus","","","","{}",3,100.0,100.0,100.0,100.0
"2024-04-26T00:02:51+00:00","vus","","","","{}",3,100.0,100.0,100.0,100.0
"2024-04-26T00:02:54+00:00","vus","","","","{}",3,100.0,100.0,100.0,100.0
"2024-04-26T00:02:57+00:00","vus","","","","{}",3,100.0,100.0,100.0,100.0
"2024-04-26T00:03:00+00:00","vus","","","","{}",3,100.0,100.0,100.0,100.0
"2024-04-26T00:03:03+00:00","vus","","","","{}",3,100.0,100.0,100.0,100.0
"2024-04-26T00:03:06+00:00","vus","","","","{}",3,100.0,100.0,100.0,100.0
"2024-04-26T00:03:09+00:00","vus","","","","{}",3,100.0,100.0,100.0,100.0
"2024-04-26T00:03:12+00:00","vus","","","","{}",3,100.0,100.0,100.0,100.0
"2024-04-26T00:03:15+00:00","vus","","","","{}",3,100.0,100.0,100.0,100.0
"2024-04-26T00:03:18+00:00","vus","","","","{}",3,100.0,100.0,100.0,100.0
"2024-04-26T00:03:21+00:00","vus","","","","{}",3,100.0,100.0,100.0,100.0
"2024-04-26T00:03:24+00:00","vus","","","","{}",3,100.0,100.0,100.0,100.0
"2024-04-26T00:03:27+00:00","vus","","","","{}",3,100.0,100.0,100.0,100.0
"2024-04-26T00:03:30+00:00","vus","","","","{}",3,100.0,100.0,100.0,100.0
"2024-04-26T00:03:33+00:00","vus","","","","{}",3,100.0,100.0,100.0,100.0
"2024-04-26T00:03:36+00:00","vus","","","","{}",3,100.0,100.0,100.0,100.0
"2024-04-26T00:03:39+00:00","vus","","","","{}",3,100.0,100.0,100.0,100.0
"2024-04-26T00:03:42+00:00","vus","","","","{}",3,100.0,100.0,100.0,100.0
"2024-04-26T00:03:45+00:00","vus","","","","{}",3,100.0,100.0,100.0,100.0
"2024-04-26T00:03:48+00:00","vus","","","","{}",3,100.0,100.0,100.0,100.0
"2024-04-26T00:03:51+00:00","vus","","","","{}",3,100.0,100.0,100.0,100.0
"2024-04-26T00:03:54+00:00","vus","","","","{}",3,100.0,100.0,100.0,100.0
"2024-04-26T00:03:57+00:00","vus","","","","{}",3,100.0,100.0,100.0,100.0
"2024-04-26T00:04:00+00:00","vus","","","","{}",3,100.0,100.0,100.0,100.0
"2024-04-26T00:04:03+00:00","vus","","","","{}",3,100.0,100.0,100.0,100.0
"2024-04-26T00:04:06+00:00","vus","","","","{}",3,100.0,100.0,100.0,100.0
"2024-04-26T00:04:09+00:00","vus","","","","{}",3,100.0,100.0,100.0,100.0
"2024-04-26T00:04:12+00:00","vus","","","","{}",3,100.0,100.0,100.0,100.0
"2024-04-26T00:04:15+00:00","vus","","","","{}",3,100.0,100.0,100.0,100.0
"2024-04-26T00:04:18+00:00","vus","","","","{}",3,100.0,100.0,100.0,100.0
"2024-04-26T00:04:21+00:00","vus","","","","{}",3,100.0,100.0,100.0,100.0
"2024-04-26T00:04:24+00:00","vus","","","","{}",3,100.0,100.0,100.0,100.0
"2024-04-26T00:04:27+00:00","vus","","","","{}",3,100.0,100.0,100.0,100.0
"2024-04-26T00:04:30+00:00","vus","","","","{}",3,100.0,100.0,100.0,100.0
"2024-04-26T00:04:33+00:00","vus","","","","{}",3,100.0,100.0,100.0,100.0
"2024-04-26T00:04:36+00:00","vus","","","","{}",3,100.0,100.0,100.0,100.0
"2024-04-26T00:04:39+00:00","vus","","","","{}",3,100.0,100.0,100.0,100.0
"2024-04-26T00:04:42+00:00","vus","","","","{}",3,100.0,100.0,100.0,100.0
"2024-04-26T00:04:45+00:00","vus","","","","{}",3,100.0,100.0,100.0,100.0
"2024-04-26T00:04:48+00:00","vus","","","","{}",3,100.0,100.0,100.0,100.0
"2024-04-26T00:04:51+00:00","vus","","","","{}",3,100.0,100.0,100.0,100.0
"2024-04-26T00:04:54+00:00","vus","","","","{}",3,100.0,100.0,100.0,100.0
"2024-04-26T00:04:57+00:00","vus","","","","{}",3,100.0,100.0,100.0,100.0
"2024-04-26T00:05:00+00:00","vus","","","","{}",3,100.0,100.0,100.0,100.0
"2024-04-26T00:05:03+00:00","vus","","","","{}",3,100.0,100.0,100.0,100.0
"2024-04-26T00:05:06+00:00","vus","","","","{}",3,100.0,100.0,100.0,100.0
"2024-04-26T00:05:09+00:00","vus","","","","{}",3,100.0,100.0,100.0,100.0
"2024-04-26T00:05:12+00:00","vus","","","","{}",3,100.0,100.0,100.0,100.0
"2024-04-26T00:05:15+00:00","vus","","","","{}",3,100.0,100.0,100.0,100.0
"2024-04-26T00:05:18+00:00","vus","","","","{}",3,100.0,100.0,100.0,100.0
"2024-04-26T00:05:21+00:00","vus","","","","{}",3,100.0,100.0,100.0,100.0
"2024-04-26T00:05:24+00:00","vus","","","","{}",3,100.0,100.0,100.0,100.0
"2024-04-26T00:05:27+00:00","vus","","","","{}",3,100.0,100.0,100.0,100.0
"2024-04-26T00:05:30+00:00","vus","","","","{}",3,100.0,100.0,100.0,100.0
"2024-04-26T00:05:33+00:00","vus","","","","{}",3,100.0,100.0,100.0,100.0
"2024-04-26T00:05:36+00:00","vus","","","","{}",3,100.0,100.0,100.0,100.0
"2024-04-26T00:05:39+00:00","vus","","","","{}",3,100.0,100.0,100.0,100.0
"2024-04-26T00:05:42+00:00","vus","","","","{}",3,100.0,100.0,100.0,100.0
"2024-04-26T00:05:45+00:00","vus","","","","{}",3,100.0,100.0,100.0,100.0
"2024-04-26T00:05:48+00:00","vus","","","","{}",3,100.0,100.0,100.0,100.0
"2024-04-26T00:05:51+00:00","vus","","","","{}",3,100.0,100.0,100.0,100.0
"2024-04-26T00:05:54+00:00","vus","","","","{}",3,100.0,100.0,100.0,100.0
"2024-04-26T00:05:57+00:00","vus","","","","{}",3,100.0,100.0,100.0,100.0
"2024-04-26T00:06:00+00:00","vus","","","","{}",3,100.0,100.0,100.0,100.0
"2024-04-26T00:06:03+00:00","vus","","","","{}",3,69.0,48.3333333333333,28.0,28.0
"2024-04-26T00:06:06+00:00","vus","","","","{}",1,3.0,3.0,3.0,3.0
